Date,monitor,monitor_unified,First,Last
2011-07-10T00:00:00Z,A Brett,Brett A,,
2011-02-18T00:00:00Z,A. Brett,Brett A,,
2015-02-24T00:00:00Z,A. Farrell,Farrell A,,
2019-09-24T00:00:00Z,A. Wittenberg,Wittenberg A,,
2013-06-27T00:00:00Z,Abby Kelley,Kelley A,,
2019-03-26T00:00:00Z,aef,Farrell A,,
2018-08-16T00:00:00Z,AEF,Farrell A,,
2018-10-11T00:00:00Z,AF,Farrell A,,
2004-09-27T00:00:00Z,Alex,Baron A,,
2012-05-11T00:00:00Z,Alex Baron,Baron A,,
2010-06-28T00:00:00Z,Alex Brett,Brett A,,
2021-02-01T00:00:00Z,Alexis,Garretson,,
2015-06-01T00:00:00Z,Allen,Allen AM,,
2014-05-19T00:00:00Z,Alyssa Murad,Murad A,,
2018-07-19T00:00:00Z,Amber Wolf,Wolf A,,
2019-07-15T00:00:00Z,Analise,Wittenberg A,,
2018-06-28T00:00:00Z,Analise W.,Wittenberg A,,
2018-05-02T00:00:00Z,Analise Wittenberg,Wittenberg A,,
2018-06-13T00:00:00Z,Analise Wittenburg,Wittenberg A,,
2011-06-29T00:00:00Z,Ann Evankow,Evankow A,,
2014-05-05T00:00:00Z,Ann Marie,Allen AM,,
2014-04-07T00:00:00Z,Ann-Marie Allen,Allen AM,,
2014-06-09T00:00:00Z,Ann-MarieAllen,Allen AM,,
2014-08-18T00:00:00Z,Anna,Farrell A,,
2018-06-28T00:00:00Z,Anna F.,Farrell A,,
2014-05-02T00:00:00Z,Anna Farrell,Farrell A,,
2010-07-23T00:00:00Z,Annie,Annie,,
2007-06-25T00:00:00Z,Aquino,Aquino,,
2005-03-23T00:00:00Z,ariel,Durrant A,,
2007-01-25T00:00:00Z,Ariel Durrant,Durrant A,,
2019-05-21T00:00:00Z,Aries,Aries,,
2017-06-06T00:00:00Z,Ashley,Taylor A,,
2013-08-20T00:00:00Z,Ashley Heinze,Heinze A,,
2017-08-29T00:00:00Z,Ashley Taylor,Taylor A,,
2018-10-11T00:00:00Z,AT,Taylor A,,
2018-10-11T00:00:00Z,AW,Wolf A,,
2010-08-13T00:00:00Z,Axel,Heinemann A,,
2010-09-03T00:00:00Z,Axel Heinemann,Heinemann A,,
2014-06-26T00:00:00Z,Badger,Badger,,
2008-07-01T00:00:00Z,Balkaran,Balkaran K,,
2016-08-26T00:00:00Z,Barkdoll,Barkdoll E,,
2013-06-25T00:00:00Z,Baron,Baron A,,
2005-06-28T00:00:00Z,Beckford,Beckford,,
2016-06-28T00:00:00Z,Berry-Sandelin,Berry Sandelin,,
2004-08-21T00:00:00Z,Bik,Bik,,
2005-04-13T00:00:00Z,blaire,Blaire,,
2005-09-28T00:00:00Z,burne,Burne,,
2005-06-27T00:00:00Z,Burne,Burne,,
2006-11-01T00:00:00Z,C. Weber,Weber C,,
2005-06-27T00:00:00Z,Calcagni,Calcagni,,
2006-02-15T00:00:00Z,CEHL,CEHL,,
2005-07-25T00:00:00Z,Chaplain,Chaplin,,
2005-07-28T00:00:00Z,Chaplin,Chaplin,,
2014-08-22T00:00:00Z,Charabati,Charabati,,
2007-07-31T00:00:00Z,Childs,Childs E,,
2010-05-14T00:00:00Z,Christina Allen,Allen C,,
2006-07-03T00:00:00Z,Clixby,Clixby,,
2005-10-12T00:00:00Z,Cote,Cote,,
2005-05-13T00:00:00Z,crain,Crain,,
2006-07-07T00:00:00Z,Crossman-Turner,Turner T,,
2013-07-23T00:00:00Z,cserr,Cserr T,,
2013-06-25T00:00:00Z,Cserr,Cserr T,,
2004-08-21T00:00:00Z,Danielle,Danielle,,
2017-06-06T00:00:00Z,Danny,Graves D,,
2017-06-19T00:00:00Z,Danny Graves,Graves D,,
2019-08-27T00:00:00Z,David Wittenberg,Wittenberg D,,
2013-07-16T00:00:00Z,Davis,Davis,,
2010-06-22T00:00:00Z,Denoncourt,Denoncourt S,,
2014-06-26T00:00:00Z,Dirks,Dirks,,
2005-06-13T00:00:00Z,Disney,Disney J,,
2008-07-03T00:00:00Z,Drerup,Drepup,,
2019-04-01T00:00:00Z,Durand,Durand F,,
2005-03-25T00:00:00Z,durrant,Durrant A,,
2005-06-01T00:00:00Z,Durrant,Durrant A,,
2010-05-17T00:00:00Z,Dylan B,Dylan B,,
2016-07-15T00:00:00Z,Edwin,Barkdoll E,,
2016-06-17T00:00:00Z,Edwin Barkdoll,Barkdoll E,,
2009-08-19T00:00:00Z,Eliza Childs,Childs E,,
2009-07-29T00:00:00Z,Ellen,Daily E,,
2009-07-10T00:00:00Z,Ellen Daily,Daily E,,
2012-05-24T00:00:00Z,Emma Fox,Fox E,,
2010-09-15T00:00:00Z,Emma Walsh,Walsh E,,
2010-09-30T00:00:00Z,Emma.,Walsh E,,
2009-08-06T00:00:00Z,Evey,Evey,,
2019-08-19T00:00:00Z,farrell,Farrell A,,
2014-05-27T00:00:00Z,Farrell,Farrell A,,
2021-01-13T00:00:00Z,Faye,Durand F,,
2019-04-16T00:00:00Z,Faye Durand,Durand F,,
2012-05-31T00:00:00Z,Fox,Fox E,,
2006-07-19T00:00:00Z,G-R,GR,,
2006-11-15T00:00:00Z,Gaia Sun,Sun Gaia,,
2005-09-21T00:00:00Z,Grubb,Grubb,,
2005-09-28T00:00:00Z,Grubbll,Grubb,,
2007-01-12T00:00:00Z,Gus,Gus,,
2005-04-13T00:00:00Z,gwenn,Gwenn,,
2005-03-17T00:00:00Z,Gwenn,Gwenn,,
2006-03-15T00:00:00Z,Haley,Haley,,
2013-06-10T00:00:00Z,Hanna Mogensen,Mogensen H,,
2010-06-28T00:00:00Z,Hannah,Clemente H,,
2010-06-22T00:00:00Z,Hannah Clemente,Clemente H,,
2013-08-21T00:00:00Z,Heinze,Heinze A,,
2005-07-05T00:00:00Z,Hollanbeck,Hollenbeck,,
2005-06-27T00:00:00Z,Hollenbeck,Hollenbeck,,
2004-10-16T00:00:00Z,Holly,Benson H,,
2006-11-15T00:00:00Z,Holly Benson,Benson H,,
2015-07-22T00:00:00Z,Hooper,Hooper,,
2019-07-29T00:00:00Z,howard,Howard S,,
2019-06-24T00:00:00Z,Howard,Howard S,,
2004-09-16T00:00:00Z,Howdy,Howdy,,
2012-07-06T00:00:00Z,Isabel Erickson,Erickson I,,
2010-04-13T00:00:00Z,J Adams,Adams J,,
2010-04-13T00:00:00Z,J Disney,Disney J,,
2011-04-30T00:00:00Z,J. Disney,Disney J,,
2009-08-12T00:00:00Z,Jaccob Snyder,Snyder J,,
2009-08-13T00:00:00Z,Jacob,Snyder J,,
2018-07-19T00:00:00Z,Jade Lee,Lee J,,
2005-03-23T00:00:00Z,jake,Van Gorder J,,
2004-10-16T00:00:00Z,Jake,Van Gorder J,,
2006-05-12T00:00:00Z,Jake Van Gorder,Van Gorder J,,
2005-04-06T00:00:00Z,jane,Disney J,,
2004-10-18T00:00:00Z,Jane,Disney J,,
2010-06-03T00:00:00Z,Jane Diney,Disney J,,
2013-06-11T00:00:00Z,Jane Diseny,Disney J,,
2006-10-20T00:00:00Z,Jane Disney,Disney J,,
2010-07-09T00:00:00Z,Jane Pappas,Pappas J,,
2006-03-21T00:00:00Z,Jeb,Jeb,,
2005-06-03T00:00:00Z,jeremy,Jeremy,,
2014-08-18T00:00:00Z,Jirias,Jirias,,
2006-02-09T00:00:00Z,Joe,Adams J,,
2010-04-02T00:00:00Z,Joe Adams,Adams J,,
2021-02-01T00:00:00Z,Jon,Jon,,
2005-08-01T00:00:00Z,Jonathan,Jonathan,,
2005-06-27T00:00:00Z,Jones,Jones,,
2006-11-03T00:00:00Z,Josh Emerson,Emerson J,,
2014-04-09T00:00:00Z,Kaitlin Mathews,Mathews K,,
2005-05-04T00:00:00Z,karkruff,Karkuff,,
2006-02-08T00:00:00Z,Katherine,Katherine,,
2011-10-05T00:00:00Z,Kathy Shulltz,Shultz K,,
2011-06-16T00:00:00Z,Kathy Shultz,Shultz K,,
2008-06-24T00:00:00Z,Kavita,Balkaran K,,
2009-07-29T00:00:00Z,Kavita Balkaran,Balkaran K,,
2010-06-07T00:00:00Z,Kevin Lanza,Lanza K,,
2005-06-13T00:00:00Z,Krain,Krian,,
2005-06-07T00:00:00Z,Kubeck,Kubeck,,
2017-07-10T00:00:00Z,Kyle,McGadney K,,
2017-06-27T00:00:00Z,Kyle McGadney,McGadney K,,
2004-08-06T00:00:00Z,Lauren,Lauren,,
2018-07-31T00:00:00Z,Lee,Lee J,,
2006-05-23T00:00:00Z,Linda,Linda,,
2013-06-06T00:00:00Z,Liz Thompson,Thompson L,,
2010-05-17T00:00:00Z,Luie Doolittle,Doolittle L,,
2007-01-12T00:00:00Z,Luke,Luke,,
2011-07-10T00:00:00Z,M Garland,Garland M,,
2011-02-18T00:00:00Z,M. Garland,Garland M,,
2006-06-28T00:00:00Z,Macri,Macri,,
2016-06-13T00:00:00Z,Maddalone,Maddalone,,
2006-05-23T00:00:00Z,Maddy,Maddy,,
2005-03-31T00:00:00Z,Mae Krieg,Krieg M,,
2011-01-05T00:00:00Z,Marina Garland,Garland M,,
2012-06-11T00:00:00Z,Marshall,Marshall,,
2004-09-12T00:00:00Z,Mary,Mary,,
2014-06-11T00:00:00Z,Mathews,Mathews K,,
2005-03-30T00:00:00Z,matt,Matt,,
2005-06-13T00:00:00Z,Matt,Matt,,
2015-06-04T00:00:00Z,Mayhew,Mayhew,,
2005-11-22T00:00:00Z,Mc Donnell,McDonnell,,
2006-06-27T00:00:00Z,Mcdonnell,McDonnell,,
2005-06-28T00:00:00Z,McDonnell,McDonnell,,
2006-10-09T00:00:00Z,MCLE,MCLE,,
2005-07-29T00:00:00Z,MDIWQC,MDIWQC,,
2005-03-16T00:00:00Z,MDIWQC CREW,MDIWQC,,
2010-07-02T00:00:00Z,Megan,May M,,
2011-05-31T00:00:00Z,Megan May,May M,,
2008-07-17T00:00:00Z,Mejia,Mejia,,
2018-10-04T00:00:00Z,Meyer,Meyer,,
2004-08-06T00:00:00Z,Michelle,Michelle,,
2012-05-31T00:00:00Z,Miller,Miller M,,
2013-06-14T00:00:00Z,Mogensen,Mogensen H,,
2013-07-16T00:00:00Z,Mogenson,Mogensen H,,
2011-09-09T00:00:00Z,Molly,Miller M,,
2011-09-16T00:00:00Z,Molly Miller,Miller M,,
2004-10-19T00:00:00Z,Mrs. Burnes 7A,Burnes,,
2014-05-28T00:00:00Z,Murad,Murad A,,
2006-11-29T00:00:00Z,Natalie,Natalie,,
2004-08-02T00:00:00Z,Nicole,Nicole,,
2012-06-11T00:00:00Z,O'Brien,OBrien,,
2009-08-20T00:00:00Z,Overton,Overton,,
2005-07-07T00:00:00Z,Palmer,Palmer,,
2010-06-22T00:00:00Z,Pappas,Pappas J,,
2017-04-19T00:00:00Z,Patrianna Anderson,Anderson P,,
2005-06-28T00:00:00Z,Peacock,Peacock,,
2005-07-19T00:00:00Z,Peacrock,Peacock,,
2006-03-01T00:00:00Z,Pemitic,Pemitic,,
2013-07-10T00:00:00Z,Phillips,Stella Phillips V,,
2015-05-27T00:00:00Z,phippen,Phippen S,,
2015-05-13T00:00:00Z,Phippen,Phippen S,,
2008-06-08T00:00:00Z,Reed,Reed,,
2007-05-08T00:00:00Z,Richards,Richards,,
2006-10-19T00:00:00Z,Sam Cunningham,Cunningham S,,
2006-11-07T00:00:00Z,Samm Swan,Swan S,,
2010-08-13T00:00:00Z,Sara,Denoncourt S,,
2010-08-09T00:00:00Z,Sara Denoncourt,Denoncourt S,,
2017-04-19T00:00:00Z,Sara Lowgren,Lowgren S,,
2004-08-21T00:00:00Z,Sarah,Sarah,,
2006-10-27T00:00:00Z,Sean Beauliem,Beauliem S,,
2007-08-06T00:00:00Z,Secrist,Secrist,,
2005-08-04T00:00:00Z,Shanholtzer,Shanholtzer,,
2011-06-08T00:00:00Z,Shultlz,Shultz K,,
2017-07-18T00:00:00Z,Siera,Sierra C,,
2017-06-12T00:00:00Z,Sierra,Sierra C,,
2017-07-17T00:00:00Z,Sierra C,Sierra C,,
2005-06-21T00:00:00Z,Simis,Simis,,
2019-07-15T00:00:00Z,Skye,Howard S,,
2019-06-25T00:00:00Z,Skye Howard,Howard S,,
2006-03-15T00:00:00Z,Sophie,Sophie,,
2005-07-07T00:00:00Z,Specht,Specht,,
2007-06-05T00:00:00Z,Spiker,Spiker,,
2016-07-21T00:00:00Z,Stephanie Phippen,Phippen S,,
2005-06-07T00:00:00Z,Swann,Swann,,
2013-06-18T00:00:00Z,T. Cserr,Cserr T,,
2010-05-17T00:00:00Z,Tammy Turner,Turner T,,
2018-10-31T00:00:00Z,Taylor,Taylor A,,
2014-05-27T00:00:00Z,Thompson,Thompson L,,
2005-11-29T00:00:00Z,Thornton,Thornton,,
2005-04-04T00:00:00Z,tifin,Tifin,,
2004-10-16T00:00:00Z,Tifin,Tifin,,
2010-04-27T00:00:00Z,Todd Nason,Nason T,,
2005-07-29T00:00:00Z,Tremont,Tremont School,,
2010-04-16T00:00:00Z,Tremont Class,Tremont School,,
2010-03-18T00:00:00Z,Tremont School,Tremont School,,
2010-09-03T00:00:00Z,Trilliam Cserr,Cserr T,,
2012-07-30T00:00:00Z,Trillium,Cserr T,,
2013-06-04T00:00:00Z,Trillium Cserr,Cserr T,,
2014-07-21T00:00:00Z,Trillium F. Cserr,Cserr T,,
2005-11-03T00:00:00Z,Turner,Turner T,,
2007-02-27T00:00:00Z,Turrant,Turrant,,
2004-09-15T00:00:00Z,Tylan,Tyler,,
2004-10-10T00:00:00Z,Tyler,Tyler,,
2009-07-07T00:00:00Z,V. Phillips,Stella Phillips V,,
2005-05-04T00:00:00Z,van goder,Van Gorder J,,
2005-04-27T00:00:00Z,van gorder,Van Gorder J,,
2005-11-22T00:00:00Z,Van Gorder,Van Gorder J,,
2005-03-25T00:00:00Z,van gordor,Van Gorder J,,
2009-07-21T00:00:00Z,Vivian SP,Stella Phillips V,,
2009-07-30T00:00:00Z,Vivian SP.,Stella Phillips V,,
2009-07-14T00:00:00Z,Vivian Stella-phillips,Stella Phillips V,,
2007-01-29T00:00:00Z,Watson,Watson,,
2019-06-24T00:00:00Z,wittenberg,Wittenberg A,,
2018-07-11T00:00:00Z,Wittenberg,Wittenberg A,,
2018-09-19T00:00:00Z,Wolf,Wolf A,,
2012-08-14T00:00:00Z,Xing YaoChin,YaoChin X,,
2006-03-09T00:00:00Z,Zephyr,Zephyr,,
not_recorded,not_recorded,not_recorded,,
NA,COA,COA,,